IRIS ID;Pot ID;vegetation;zone;plant_species;areareduced_new;mean;se;sd;se2;% change;;;;;;;;;;;;;;;;;;;;;;;;;;;;;;;;;;;;;;;;;;;;;;;;;BB;;mean;mean2;Spalte9;areareduced_4;areareduced_3;areareduced_2;bottom5;mean3;std_soil_new;Spalte1;Spalte2;areareduced_new
26a;t74;veg;high-marsh;atriplex portulacoides;0.000365364;;;;;-95.28028656;;;;;;;;;;;;;;;;;;;;;;;;;;;;;;;;;;;;;;;;;;;;;;;;0.206321453;;;;;;0.149758454;0.351525602;0.062307635;0.339548302;0.250642028;0.914635847;0.076277251;;0.005351221
26b;t74;veg;high-marsh;atriplex portulacoides;0.000594884;;;;;-92.31538409;;;;;;;;;;;;;;;;;;;;;;;;;;;;;;;;;;;;;;;;;;;;;;;;0.107530864;0.11758714;;0.082160419;;;0.05648038;0.208473338;0.002100525;0.189213639;0.132476859;-0.634517633;;;0.009438136
27a;t71;veg;high-marsh;atriplex portulacoides;0.035237587;;;;;355.1934862;;;;;;;;;;;;;;;;;;;;;;;;;;;;;;;;;;;;;;;;;;;;;;;;0.000113456;;;;;;0;0.080440813;0.017772423;0.126916394;0.040220406;-0.648000948;0.036177862;;0.008543777
27b;t71;veg;high-marsh;atriplex portulacoides;0.055984704;;;;;623.2014095;;;;;;;;;;;;;;;;;;;;;;;;;;;;;;;;;;;;;;;;;;;;;;;;0;0.03682954;;0.012414966;;;0;0.1117717;0.072637781;0.164112553;0.05588585;-0.214989064;;;0.04100263
28a;t73;veg;high-marsh;atriplex portulacoides;0.004364589;;;;;-43.61894069;;;;;;;;;;;;;;;;;;;;;;;;;;;;;;;;;;;;;;;;;;;;;;;;0.018274774;;;;;;0.01609572;0.272059375;0.081352628;0.292833964;0.144077547;2.222736472;;;0.054049783
28b;t73;veg;high-marsh;atriplex portulacoides;0.004219711;;;;;-45.49045141;;;;;;;;;;;;;;;;;;;;;;;;;;;;;;;;;;;;;;;;;;;;;;;;0.000337458;0.042463791;;0.018567904;;;0.000224904;0.041197955;0.01002728;0.124843297;0.02071143;-1.187252721;;;0.001609599
29a;t51;veg;high-marsh;atriplex portulacoides;0.102318342;;;;;1221.731899;;;;;;;;;;;;;;;;;;;;;;;;;;;;;;;;;;;;;;;;;;;;;;;;0.003273322;;;;;;0.002463768;0.162235208;0.080062098;0.092551022;0.082349488;0.516498007;;;0.062970728
29b;t51;veg;high-marsh;atriplex portulacoides;0.080334596;;;;;937.7494013;;;;;;;;;;;;;;;;;;;;;;;;;;;;;;;;;;;;;;;;;;;;;;;;0.001339435;0.048098042;;0.023777282;;;0.000668847;0.068012065;0.013291232;0.083492487;0.034340456;-0.810529902;;old analysis data;0.027525644
30a;t61;veg;high-marsh;atriplex portulacoides;0.000221076;;;;;-97.14417576;;;;;;;;;;;;;;;;;;;;;;;;;;;;;;;;;;;;;;;;;;;;;;;;0.001115947;;;;;;0.000445898;0.057761733;0.001850755;0.088497532;0.029103815;-0.955277015;;old data_ std calculated to group mean ;0.003697404
30b;t61;veg;high-marsh;atriplex portulacoides;0.000146113;;;;;-98.11253575;;;;;;;;;;;;;;;;;;;;;;;;;;;;;;;;;;;;;;;;;;;;;;;;0.011660854;0.036797708;;0.006642511;;;0.010557311;0.091040776;0.001614916;0.080703493;0.050799044;-0.355594555;;old data_ std calculated to soil group mean;0.010095837
26a;t74;veg;high-marsh;atriplex portulacoides;0.018909008;;;;;144.2635267;;;;;;;;;;;;;;;;;;;;;;;;;;;;;;;;;;;;;;;;;;;;;;;;0.000548125;;;;;;0.000219138;0.108692476;0.016763092;0.046066236;0.054455807;-0.254517188;;new analysis data;0.006691669
26b;t74;veg;high-marsh;atriplex portulacoides;0.00232816;;;;;-69.92520326;;;;;;;;;;;;;;;;;;;;;;;;;;;;;;;;;;;;;;;;;;;;;;;;0;0.04211364;;0.002729;;;0;0.005601839;0;0.002653379;0.002800919;-1.682320982;;;0.003676206
27a;t71;veg;high-marsh;atriplex portulacoides;0;;;;;-100;;;;;;;;;;;;;;;;;;;;;;;;;;;;;;;;;;;;;;;;;;;;;;;;0.011991715;;;;;;0.010700948;0.022397407;0.000444543;0.087515595;0.016549177;-2.270313606;;;0.00029479
27b;t71;veg;high-marsh;atriplex portulacoides;0.022601424;;;;;191.9615632;;;;;;;;;;;;;;;;;;;;;;;;;;;;;;;;;;;;;;;;;;;;;;;;0.047524521;0.016329779;;0.015380808;;;0.02504459;0.035823659;0.000291503;0.018944167;0.030434125;-1.9220063;;;0.001712207
28a;t73;veg;high-marsh;atriplex portulacoides;0.000219274;;;;;-97.16745371;;;;;;;;;;;;;;;;;;;;;;;;;;;;;;;;;;;;;;;;;;;;;;;;0.00044608;;;;;;0.000222949;0.278451424;0.213595121;0.326578211;0.139337187;0.809853568;;;0.141118613
28b;t73;veg;high-marsh;atriplex portulacoides;0.097327342;;;;;1157.258963;;;;;;;;;;;;;;;;;;;;;;;;;;;;;;;;;;;;;;;;;;;;;;;;0.002141098;0.023937609;;0.03694361;;;0.002350427;0.205334119;0.059649383;0.405808766;0.103842273;-0.080545005;;;0.004068649
29a;t51;veg;high-marsh;atriplex portulacoides;0.000669269;;;;;-91.35449061;;;;;;;;;;;;;;;;;;;;;;;;;;;;;;;;;;;;;;;;;;;;;;;;0.004818467;;;;;;0.003196076;0.737611515;0.542949392;0.738516354;0.370403795;6.606215779;;;0.623341852
29b;t51;veg;high-marsh;atriplex portulacoides;0.025935616;;;;;235.0321196;;;;;;;;;;;;;;;;;;;;;;;;;;;;;;;;;;;;;;;;;;;;;;;;0.395612943;0.022727996;;0.29571849;;;0.219381688;0.66186088;0.40404491;0.613014407;0.440621284;8.367638615;;;0.159100698
30a;t61;veg;high-marsh;atriplex portulacoides;0.010746732;;;;;38.82455697;;;;;;;;;;;;;;;;;;;;;;;;;;;;;;;;;;;;;;;;;;;;;;;;0.000334523;;;;;;0.000520214;0.20182615;0.155517267;0.251828189;0.101173182;-0.147499804;;;0.11021004
30b;t61;veg;high-marsh;atriplex portulacoides;0.000328803;0.02314263;0.00737557;0.03298455;0.808446419;-95.75257568;;;;;;;;;;;;;;;;;;;;;;;;;;;;;;;;;;;;;;;;;;;;;;;;0.071676024;0.016457106;;0.066816144;;;0.041914388;0.169247626;0.117929405;0.192536387;0.105581007;-0.036928439;;;0.085043988
41a;t9;veg;high-marsh;elymus athericus;0.009220016;;;;;19.10268503;;;;;;;;;;;;;;;;;;;;;;;;;;;;;;;;;;;;;;;;;;;;;;;;0.027605956;;;;;;0.016944114;0.26449569;0.159389132;0.300444988;0.140719902;0.844539311;0.039864073;;0.117487239
41b;t9;veg;high-marsh;elymus athericus;0.002687001;;;;;-65.28975288;;;;;;;;;;;;;;;;;;;;;;;;;;;;;;;;;;;;;;;;;;;;;;;;0.007134768;0.031227121;;0.099394335;;;0.004048583;0.316884661;0.208101078;0.348814439;0.160466622;1.339890598;;;0.245349375
42a;t2;veg;high-marsh;elymus athericus;0.000743716;;;;;-90.39279623;;;;;;;;;;;;;;;;;;;;;;;;;;;;;;;;;;;;;;;;;;;;;;;;0.000108648;;;;;;7.24E-05;0.617150721;0.231832631;0.629225521;0.308611574;5.056142847;;;0.013580972
42b;t2;veg;high-marsh;elymus athericus;0.006056075;;;;;-21.76859636;;;;;;;;;;;;;;;;;;;;;;;;;;;;;;;;;;;;;;;;;;;;;;;;0.002234387;0.025147223;;0.009792837;;;0.001263377;0.723880066;0.109053055;0.663532251;0.362571721;6.409746293;;;0.02324734
43a;t20;veg;high-marsh;elymus athericus;0.008472719;;;;;9.449222473;;;;;;;;;;;;;;;;;;;;;;;;;;;;;;;;;;;;;;;;;;;;;;;;0.003070512;;;;;;0.001306715;0.224958354;0.044580355;0.076891936;0.113132535;-0.888123049;;;0.047572079
43b;t20;veg;high-marsh;elymus athericus;0.015183246;;;;;96.13473188;;;;;;;;;;;;;;;;;;;;;;;;;;;;;;;;;;;;;;;;;;;;;;;;0;0.013815057;;0.041657576;;;0;0.179329326;0.148825839;0.238219302;0.089664663;-1.195788462;;;0.115987714
44a;t5;veg;high-marsh;elymus athericus;0.001536323;;;;;-80.15402637;;;;;;;;;;;;;;;;;;;;;;;;;;;;;;;;;;;;;;;;;;;;;;;;0.026665167;;;;;;0.01563299;0.180131483;0.088250347;0.08906943;0.097882236;-1.088055516;;;0.041777642
44b;t5;veg;high-marsh;elymus athericus;0.007088095;;;;;-8.437127849;;;;;;;;;;;;;;;;;;;;;;;;;;;;;;;;;;;;;;;;;;;;;;;;0.001327874;0.030240331;;0.019652959;;;0.00221027;0.147389006;0.034181765;0.174743877;0.074799638;-1.390669961;;;0.008841152
45a;t11;veg;high-marsh;elymus athericus;0;;;;;-100;;;;;;;;;;;;;;;;;;;;;;;;;;;;;;;;;;;;;;;;;;;;;;;;0.001126761;;;;;;0.000749681;0.101156708;0.040228605;0.174259724;0.050953195;-1.703298466;;;0.017161271
45b;t11;veg;high-marsh;elymus athericus;0.000149959;;;;;-98.06285374;;;;;;;;;;;;;;;;;;;;;;;;;;;;;;;;;;;;;;;;;;;;;;;;0.000112461;0.017316569;;0.03787276;;;7.50E-05;0.264864865;0.173893773;0.246983969;0.132469917;-0.634608643;;;0.133090548
41a;t9;veg;high-marsh;elymus athericus;0;;;;;-100;;;;;;;;;;;;;;;;;;;;;;;;;;;;;;;;;;;;;;;;;;;;;;;;0.008435583;;;;;;0.007025422;0.053930598;0.002374592;0.056864362;0.03047801;-1.971729547;;;0.000147373
41b;t9;veg;high-marsh;elymus athericus;0.00255102;;;;;-67.04633359;;;;;;;;;;;;;;;;;;;;;;;;;;;;;;;;;;;;;;;;;;;;;;;;0.000111483;0.031163457;;0.002283227;;;7.43E-05;0.287874361;0.097002283;0.235310843;0.143974339;-0.48378488;;;0.000438468
42a;t2;veg;high-marsh;elymus athericus;0.092425718;;;;;1093.940572;;;;;;;;;;;;;;;;;;;;;;;;;;;;;;;;;;;;;;;;;;;;;;;;0.009680226;;;;;;0.008853349;0.072242513;0.047887792;0.215556589;0.040547931;-1.839712191;;;0.054537051
42b;t2;veg;high-marsh;elymus athericus;0.016822638;;;;;117.3121343;;;;;;;;;;;;;;;;;;;;;;;;;;;;;;;;;;;;;;;;;;;;;;;;0.068357747;0.039821741;;0.035131681;;;0.045258621;0.13155588;0.048457475;0.26636085;0.08840725;-1.212273233;;;0.007951701
43a;t20;veg;high-marsh;elymus athericus;0.014575625;;;;;88.28558144;;;;;;;;;;;;;;;;;;;;;;;;;;;;;;;;;;;;;;;;;;;;;;;;0.018909008;;;;;;0.013269361;0.259897736;0.011821204;0.245548445;0.136583548;2.015593245;;;0.000365364
43b;t20;veg;high-marsh;elymus athericus;0.012985521;;;;;67.7448735;;;;;;;;;;;;;;;;;;;;;;;;;;;;;;;;;;;;;;;;;;;;;;;;0.00232816;0.027216298;;0.005549354;;;0.001399838;0.272369203;0.068604738;0.276068609;0.136884521;2.023912504;;;0.000594884
44a;t5;veg;high-marsh;elymus athericus;0.005221062;;;;;-32.55516011;;;;;;;;;;;;;;;;;;;;;;;;;;;;;;;;;;;;;;;;;;;;;;;;0;;;;;;0;0.114860385;0.070546476;0.136517727;0.057430192;-0.172301577;;;0.035237587
44b;t5;veg;high-marsh;elymus athericus;0.094889635;;;;;1125.769056;;;;;;;;;;;;;;;;;;;;;;;;;;;;;;;;;;;;;;;;;;;;;;;;0.022601424;0.049721471;;0.028455929;;;0.01296692;0.117693923;0.076670889;0.097761558;0.065330421;0.04607034;;;0.055984704
45a;t11;veg;high-marsh;elymus athericus;0.017545784;;;;;126.6536181;;;;;;;;;;;;;;;;;;;;;;;;;;;;;;;;;;;;;;;;;;;;;;;;0.000219274;;;;;;0.00021917;0.129789237;0.018502394;0.07086243;0.065004204;0.037053307;;;0.004364589
45b;t11;veg;high-marsh;elymus athericus;0.001869364;0.015501176;0.005965404;0.026678097;;-75.85185626;;;;;;;;;;;;;;;;;;;;;;;;;;;;;;;;;;;;;;;;;;;;;;;;0.097327342;0.029858348;;0.026532729;;;0.048409107;0.054055979;0.01340774;0.029524854;0.051232543;-0.343612117;;;0.004219711
56a;t87;non-veg;high-marsh;soil;0.008399065;;;;;8.497771938;;;;;;;;;;;;;;;;;;;;;;;;;;;;;;;;;;;;;;;;;;;;;;;;0.000669269;;;;;;0.000371581;0.152422711;0.081221328;0.185817284;0.076397146;0.35196805;;;0.102318342
56b;t87;non-veg;high-marsh;soil;0.00538848;;;;;-30.39248129;;;;;;;;;;;;;;;;;;;;;;;;;;;;;;;;;;;;;;;;;;;;;;;;0.025935616;0.023109979;;0.052314456;;;0.068304197;0.137764792;0.097618521;0.166409262;0.103034494;1.088256677;;;0.080334596
57a;t76;non-veg;high-marsh;soil;0.003579952;;;;;-53.75475536;;;;;;;;;;;;;;;;;;;;;;;;;;;;;;;;;;;;;;;;;;;;;;;;0.018839575;;;;;;0.013084254;0.085753603;0.013129905;0.047181861;0.049418928;-1.445767887;;;0.009136091
57b;t76;non-veg;high-marsh;soil;0.006839744;;;;;-11.64528616;;;;;;;;;;;;;;;;;;;;;;;;;;;;;;;;;;;;;;;;;;;;;;;;0.010339573;0.042750279;;0.011081511;;;0.007469118;0.16185146;0.024072672;0.281982442;0.084660289;-0.561729752;;;0.006010804
58a;t90;non-veg;high-marsh;soil;0.014549195;;;;;87.94416295;;;;;;;;;;;;;;;;;;;;;;;;;;;;;;;;;;;;;;;;;;;;;;;;0.010746732;;;;;;0.007085464;0.020039785;7.44E-05;0.01357792;0.013562624;-1.384854395;;;0.000221076
58b;t90;non-veg;high-marsh;soil;0.006003558;;;;;-22.44700253;;;;;;;;;;;;;;;;;;;;;;;;;;;;;;;;;;;;;;;;;;;;;;;;0.000328803;0.018112367;;0.002860681;;;7.30E-05;0.057121987;0.000669244;0;0.028597516;-0.969271734;;;0.000146113
59a;t77;non-veg;high-marsh;soil;0.006341108;;;;;-18.08658587;;;;;;;;;;;;;;;;;;;;;;;;;;;;;;;;;;;;;;;;;;;;;;;;0.005510856;;;;;;0.002337473;0.228049671;0.21816503;0.457987969;0.115193572;0.204205098;;;0.097746773
59b;t77;non-veg;high-marsh;soil;0.001327923;;;;;-82.84610408;;;;;;;;;;;;;;;;;;;;;;;;;;;;;;;;;;;;;;;;;;;;;;;;0.02849162;0.016902753;;0.05473177;;;0.018324039;0.477779429;0.306391259;0.527571675;0.248051734;3.536984492;;;0.08717783
60a;t78;non-veg;high-marsh;soil;7.18E-05;;;;;-99.07249914;;;;;;;;;;;;;;;;;;;;;;;;;;;;;;;;;;;;;;;;;;;;;;;;0.117998328;;;;;;0.075137098;0.166871877;0.028119508;0.19070121;0.121004488;0.349973343;;;0.001523284
60b;t78;non-veg;high-marsh;soil;0.008257935;;;;;6.674677277;;;;;;;;;;;;;;;;;;;;;;;;;;;;;;;;;;;;;;;;;;;;;;;;0.000663497;0.021009072;;0.030154965;;;0.000442054;0.181646991;0.024517627;0.14465392;0.091044522;-0.40157971;;;0.000434751
56a;t87;non-veg;high-marsh;soil;0;;;;;-100;;;;;;;;;;;;;;;;;;;;;;;;;;;;;;;;;;;;;;;;;;;;;;;;0.003928844;;;;;;0.001810807;0.358296516;0.246565224;0.388779388;0.180053662;1.831236273;;;0.270894698
56b;t87;non-veg;high-marsh;soil;0.002326097;;;;;-69.95185276;;;;;;;;;;;;;;;;;;;;;;;;;;;;;;;;;;;;;;;;;;;;;;;;0;0.023396467;;0.08551813;;;0;0.27601941;0.138340791;0.211812305;0.138009705;0.776553359;;;0.067248976
57a;t76;non-veg;high-marsh;soil;0.014234477;;;;;83.8786864;;;;;;;;;;;;;;;;;;;;;;;;;;;;;;;;;;;;;;;;;;;;;;;;0.011898323;;;;;;0.005840872;0.098133293;0.003298558;0.308135462;0.051987083;-1.381345092;;;0.000450011
57b;t76;non-veg;high-marsh;soil;0.000675295;;;;;-91.27664771;;;;;;;;;;;;;;;;;;;;;;;;;;;;;;;;;;;;;;;;;;;;;;;;0;0.022505173;;0.003492958;;;0;0.149635305;0.028889714;0.129840509;0.074817653;-0.808634676;;;0.001623496
58a;t90;non-veg;high-marsh;soil;0.012871175;;;;;66.26777025;;;;;;;;;;;;;;;;;;;;;;;;;;;;;;;;;;;;;;;;;;;;;;;;0.005492042;;;;;;0.003492866;0.336606942;0.274497962;0.420797603;0.170049904;1.580289564;;;0.212856883
58b;t90;non-veg;high-marsh;soil;0.00022299;;;;;-97.11945101;;;;;;;;;;;;;;;;;;;;;;;;;;;;;;;;;;;;;;;;;;;;;;;;0.164452878;0.019863123;;0.109397218;;;0.104439777;0.250939365;0.168358651;0.273336946;0.177689571;1.771932474;;;0.054787069
59a;t77;non-veg;high-marsh;soil;0.053676298;;;;;593.3817918;;;;;;;;;;;;;;;;;;;;;;;;;;;;;;;;;;;;;;;;;;;;;;;;0.000110522;;;;;;7.37E-05;0.051848159;0.001950867;0;0.025960917;-2.030948947;;;0.011599424
59b;t77;non-veg;high-marsh;soil;0.003326311;;;;;-57.03124904;;;;;;;;;;;;;;;;;;;;;;;;;;;;;;;;;;;;;;;;;;;;;;;;0.000862534;0.039503422;;0.003322795;;;0.00093364;0.009049124;7.26E-05;0;0.004991382;-2.30586099;;;0.000718701
60a;t78;non-veg;high-marsh;soil;0.006733251;;;;;-13.02094562;;;;;;;;;;;;;;;;;;;;;;;;;;;;;;;;;;;;;;;;;;;;;;;;0.013113652;;;;;;0.008843688;0.19963477;0.143534994;0.220280705;0.104239229;-1.004714901;;;0.155079312
60b;t78;non-veg;high-marsh;soil;0;0.007741233;0.002564317;0.011467973;;-100;;;;;;;;;;;;;;;;;;;;;;;;;;;;;;;;;;;;;;;;;;;;;;;;0.006677796;0.041477001;;0.047951831;;;0.003168521;0.134404675;0.05528563;0.173211262;0.068786598;-1.469501328;;;0.016936562
11a;t47;veg;high-marsh;spartina anglica;0.008543777;;;;;10.3671383;;;;;;;;;;;;;;;;;;;;;;;;;;;;;;;;;;;;;;;;;;;;;;;;0.000442233;;;;;;0.000442054;0.092695398;0.023085074;0.126879333;0.046568726;-1.760779155;;;0.005656358
11b;t47;veg;high-marsh;spartina anglica;0.04100263;;;;;429.6653852;;;;;;;;;;;;;;;;;;;;;;;;;;;;;;;;;;;;;;;;;;;;;;;;0.010703019;0.034792297;;0.004218983;;;0.005425089;0.121135553;0.010191847;0.1714519;0.063280321;-1.541688997;;;7.43E-05
12a;t28;veg;high-marsh;spartina anglica;0.054049783;;;;;598.206411;;;;;;;;;;;;;;;;;;;;;;;;;;;;;;;;;;;;;;;;;;;;;;;;0.042897001;;;;;;0.024747325;0.013878744;0.00473653;0.020987079;0.019313034;-2.118103149;;;0.002342949
12b;t28;veg;high-marsh;spartina anglica;0.001609599;;;;;-79.20745878;;;;;;;;;;;;;;;;;;;;;;;;;;;;;;;;;;;;;;;;;;;;;;;;0.001741212;0.039503422;;0.025317639;;;0.002462519;0.232117208;0.071407668;0.11887903;0.117289863;-0.833620193;;;0.054289392
13a;t34;veg;high-marsh;spartina anglica;0.062970728;;;;;713.4457449;;;;;;;;;;;;;;;;;;;;;;;;;;;;;;;;;;;;;;;;;;;;;;;;0.022685819;;;;;;0.013674197;0.158948137;0.116528559;0.193658885;0.086311167;-0.520317075;;;0.099333494
13b;t34;veg;high-marsh;spartina anglica;0.027525644;;;;;255.5718458;;;;;;;;;;;;;;;;;;;;;;;;;;;;;;;;;;;;;;;;;;;;;;;;0.0115261;0.02807576;;0.06222105;;;0.007377648;0.233316715;0.158211585;0.168947932;0.120347182;0.333484662;;;0.115338788
14a;t33;veg;high-marsh;spartina anglica;0.003697404;;;;;-52.2375293;;;;;;;;;;;;;;;;;;;;;;;;;;;;;;;;;;;;;;;;;;;;;;;;0.059900756;;;;;;0.036340666;0.276453973;0.030612245;0.354510892;0.156397319;-0.320918759;;;0.001886656
14b;t33;veg;high-marsh;spartina anglica;0.010095837;;;;;30.41639996;;;;;;;;;;;;;;;;;;;;;;;;;;;;;;;;;;;;;;;;;;;;;;;;0.002636493;0.050740092;;0.016868781;;;0.001753104;0.535597885;0.124387569;0.501600972;0.268675495;1.151055838;;;0.003051217
15a;t44;veg;high-marsh;spartina anglica;0.006691669;;;;;-13.55809521;;;;;;;;;;;;;;;;;;;;;;;;;;;;;;;;;;;;;;;;;;;;;;;;0;;;;;;0;0.069255139;0.016236655;0.072606136;0.034627569;-0.802593751;;;0.009220016
15b;t44;veg;high-marsh;spartina anglica;0.003676206;;;;;-52.51136166;;;;;;;;;;;;;;;;;;;;;;;;;;;;;;;;;;;;;;;;;;;;;;;;0.00255102;;;0.003614509;;;0.001326455;0.050191932;0.007590273;0.001116862;0.025759194;-1.047726398;;;0.002687001
11a;t47;veg;high-marsh;spartina anglica;0.000113456;;;;;-98.53439362;;;;;;;;;;;;;;;;;;;;;;;;;;;;;;;;;;;;;;;;;;;;;;;;0.092425718;;;;;;0.053804994;0.054325208;0.005004482;0.120326885;0.054065101;-0.265316776;;;0.000743716
11b;t47;veg;high-marsh;spartina anglica;0;;;;;-100;;;;;;;;;;;;;;;;;;;;;;;;;;;;;;;;;;;;;;;;;;;;;;;;0.016822638;0.065319115;;0.029012037;;;0.013148283;0.312574316;0.074612403;0.309975941;0.1628613;2.741942202;;;0.006056075
12a;t28;veg;high-marsh;spartina anglica;0.018274774;;;;;136.0705938;;;;;;;;;;;;;;;;;;;;;;;;;;;;;;;;;;;;;;;;;;;;;;;;0.014575625;;;;;;0.021881677;0.212718186;0.011362798;0.057921906;0.117299932;1.482570696;;;0.008472719
12b;t28;veg;high-marsh;spartina anglica;0.000337458;;;;;-95.64077179;;;;;;;;;;;;;;;;;;;;;;;;;;;;;;;;;;;;;;;;;;;;;;;;0.012985521;0.071239854;;0.012804278;;;0.008546362;0.071097031;0.038145715;0.16127236;0.039821696;-0.659021777;;;0.015183246
13a;t34;veg;high-marsh;spartina anglica;0.003273322;;;;;-57.71575243;;;;;;;;;;;;;;;;;;;;;;;;;;;;;;;;;;;;;;;;;;;;;;;;0.005221062;;;;;;0.003831135;0.037545654;0.004321395;0.022868719;0.020688395;-1.187889437;;;0.001536323
13b;t34;veg;high-marsh;spartina anglica;0.001339435;;;;;-82.69739392;;;;;;;;;;;;;;;;;;;;;;;;;;;;;;;;;;;;;;;;;;;;;;;;0.094889635;0.045806144;;0.027183779;;;0.080861943;0.039141051;0.004322144;0;0.060001497;-0.101227586;;;0.007088095
14a;t33;veg;high-marsh;spartina anglica;0.001115947;;;;;-85.58437599;;;;;;;;;;;;;;;;;;;;;;;;;;;;;;;;;;;;;;;;;;;;;;;;0.017545784;;;;;;0.016809137;0.02739726;0.000147525;0.001445604;0.022103199;-1.148782537;;;0
14b;t33;veg;high-marsh;spartina anglica;0.011660854;;;;;50.63303807;;;;;;;;;;;;;;;;;;;;;;;;;;;;;;;;;;;;;;;;;;;;;;;;0.001869364;0.041763489;;0.004891277;;;0.00101722;0.030137192;0.000150955;0.105485797;0.015577206;-1.329168904;;;0.000149959
15a;t44;veg;high-marsh;spartina anglica;0.000548125;;;;;-92.91940933;;;;;;;;;;;;;;;;;;;;;;;;;;;;;;;;;;;;;;;;;;;;;;;;0.023269077;;;;;;0.015383472;0.197662527;0.042282673;0.216612048;0.106523;-0.013298315;;;0.006617647
15b;t44;veg;high-marsh;spartina anglica;0;0.012826332;0.004113658;0.018396838;;-100;;;;;;;;;;;;;;;;;;;;;;;;;;;;;;;;;;;;;;;;;;;;;;;;0.003579819;;;0.012115809;;;0.022071938;0.278047367;0.086158608;0.262906159;0.150059653;1.078829243;;;0.014996692
21a;t55;veg;low-marsh;atriplex portulacoides;0.047572079;;;;;-23.31417999;;;;;;;;;;;;;;;;;;;;;;;;;;;;;;;;;;;;;;;;;;;;;;;;0.01264251;;;;;;0.008026159;0.057998539;0.016113463;0.010704648;0.033012349;-1.857330922;;;0.007877494
21b;t55;veg;low-marsh;atriplex portulacoides;0.115987714;;;;;86.97128958;;;;;;;;;;;;;;;;;;;;;;;;;;;;;;;;;;;;;;;;;;;;;;;;0.000657823;;;0.009392198;;;0.003360117;0.095645065;0.067588903;0.142130775;0.049502591;-1.44366918;;;0.016390966
22a;t69;veg;low-marsh;atriplex portulacoides;0.041777642;;;;;-32.65476721;;;;;;;;;;;;;;;;;;;;;;;;;;;;;;;;;;;;;;;;;;;;;;;;0.009790058;;;;;;0.008833668;0.171646079;0.040163277;0.142699029;0.090239874;-0.421764502;;;0.00223134
22b;t69;veg;low-marsh;atriplex portulacoides;0.008841152;;;;;-85.74813199;;;;;;;;;;;;;;;;;;;;;;;;;;;;;;;;;;;;;;;;;;;;;;;;0.000110522;;;0.00362689;;;7.37E-05;0.245259983;0.050895588;0.183354176;0.122666829;0.391673573;;;0.002375639
23a;t67;veg;low-marsh;atriplex portulacoides;0.017161271;;;;;-72.33616511;;;;;;;;;;;;;;;;;;;;;;;;;;;;;;;;;;;;;;;;;;;;;;;;0.095232476;;;;;;0.058181296;0.268985681;0.088962856;0.331876848;0.163583488;1.418077942;;;0.02073768
23b;t67;veg;low-marsh;atriplex portulacoides;0.133090548;;;;;114.5409245;;;;;;;;;;;;;;;;;;;;;;;;;;;;;;;;;;;;;;;;;;;;;;;;0.019269777;;;0.046432758;;soilmean;0.008531428;0.245945946;0.147499629;0.338541653;0.127238687;0.506359745;;;0.050491099
24a;t68;veg;low-marsh;atriplex portulacoides;0.000147373;;;;;-99.76243587;;;;;;;;;;;;;;;;;;;;;;;;;;;;;;;;;;;;;;;;;;;;;;;;0;;;;;;0;0.339152666;0.043401888;0.291780752;0.169576333;1.56840992;;;0.001243326
24b;t68;veg;low-marsh;atriplex portulacoides;0.000438468;;;;;-99.29319301;;;;;;;;;;;;;;;;;;;;;;;;;;;;;;;;;;;;;;;;;;;;;;;;0.000787756;;;0.004289133;;;0.000599745;0.160793729;0.030142857;0.128951004;0.080696737;-0.66115642;;;0.015125448
25a;t62;veg;low-marsh;atriplex portulacoides;0.054537051;;;;;-12.0866995;;;;;;;;;;;;;;;;;;;;;;;;;;;;;;;;;;;;;;;;;;;;;;;;0.001125746;;;;17.29015796;9.660792288;0.004123248;0.178295145;0.028310299;0.211428568;0.091209196;-0.397448823;;;0.003400606
25b;t62;veg;low-marsh;atriplex portulacoides;0.007951701;;;;;-87.18192006;;;;;;;;;;;;;;;;;;;;;;;;;;;;;;;;;;;;;;;;;;;;;;;;0;;;0.007954093;28.78124212;20.67982305;0.000147351;0.272843815;0.093800499;0.227728401;0.136495583;0.738571239;0.107053125;new_soil_mean;0.02729002
21a;t55;veg;low-marsh;atriplex portulacoides;0.003070512;;;;;-95.05035862;;;;;;;;;;;;;;;;;;;;;;;;;;;;;;;;;;;;;;;;;;;;;;;;0.02923777;;;;;;0.027630416;0.271832807;0.146993648;0.313367246;0.149731611;-0.408306649;;;0.096205322
21b;t55;veg;low-marsh;atriplex portulacoides;0;;;;;-100;;;;;;;;;;;;;;;;;;;;;;;;;;;;;;;;;;;;;;;;;;;;;;;;0.307218562;;;0.11262638;;;0.186924763;0.26311176;0.062318948;0.24186082;0.225018262;0.578706515;;;0.017843866
22a;t69;veg;low-marsh;atriplex portulacoides;0.026665167;;;;;-57.01595894;;;;;;;;;;;;;;;;;;;;;;;;;;;;;;;;;;;;;;;;;;;;;;;;0.008692818;;;;;;0.007469118;0.08812123;0.025080906;0.069906249;0.047795174;-1.744700338;;;0.00636022
22b;t69;veg;low-marsh;atriplex portulacoides;0.001327874;;;;;-97.85947748;;;;;;;;;;;;;;;;;;;;;;;;;;;;;;;;;;;;;;;;;;;;;;;;0;;;0.00392914;;;0;0.108745303;0.01461039;0.018751338;0.054372652;-1.65846915;;;0.000663521
23a;t67;veg;low-marsh;atriplex portulacoides;0.001126761;;;;;-98.18367006;;;;;;;;;;;;;;;;;;;;;;;;;;;;;;;;;;;;;;;;;;;;;;;;0;;;;;;0;0.39501702;0.294047972;0.395725158;0.19750851;0.218051778;;;0.240967104
23b;t67;veg;low-marsh;atriplex portulacoides;0.000112461;;;;;-99.81871375;;;;;;;;;;;;;;;;;;;;;;;;;;;;;;;;;;;;;;;;;;;;;;;;0.000111582;;;0.085785261;;;0.000148688;0.475723864;0.253257329;0.436483624;0.237936276;0.748062566;;;0.102062358
24a;t68;veg;low-marsh;atriplex portulacoides;0.008435583;;;;;-86.40190605;;;;;;;;;;;;;;;;;;;;;;;;;;;;;;;;;;;;;;;;;;;;;;;;0.016198459;;;;;;0.010627229;0.480365431;0.064618332;0.42559423;0.24549633;0.847175393;;;0.000368514
24b;t68;veg;low-marsh;atriplex portulacoides;0.000111483;;;;;-99.82029027;;;;;;;;;;;;;;;;;;;;;;;;;;;;;;;;;;;;;;;;;;;;;;;;0.210228767;;;0.058689669;;soilmean;0.111537626;0.484056306;0.261472628;0.426814081;0.297796966;1.532840323;;;0.007962936
25a;t62;veg;low-marsh;atriplex portulacoides;0.009680226;;;;;-84.39555125;;;;;;;;;;;;;;;;;;;;;;;;;;;;;;;;;;;;;;;;;;;;;;;;0.000112461;;;;13.00658657;14.81615106;7.50E-05;0.369393718;0.189123377;0.329375749;0.184734343;0.050581571;;;0.066780955
25b;t62;veg;low-marsh;atriplex portulacoides;0.068357747;0.027319641;0.008546788;0.038222399;;10.19215457;;;;;;;;;;;;;;;;;;;;;;;;;;;;;;;;;;;;;;;;;;;;;;;;0.005065521;;;0.04914475;22.41199375;29.96030054;0.003579255;0.333162893;0.208017095;0.338151559;0.168371074;-0.163942009;0.18087612;;0.124620061
36a;t21;veg;low-marsh;elymus athericus;0.011599424;;;;;-81.30181906;;;;;;;;;;;;;;;;;;;;;;;;;;;;;;;;;;;;;;;;;;;;;;;;0;;;;;;0;0.18946911;0.057832555;0.138683683;0.094734555;0.85883629;;;0.008399065
36b;t21;veg;low-marsh;elymus athericus;0.000718701;;;;;-98.8414596;;;;;;;;;;;;;;;;;;;;;;;;;;;;;;;;;;;;;;;;;;;;;;;;0.002326097;;;0.004028411;;;0.001694541;0.222713117;0.089669753;0.173747603;0.112203829;1.341708224;;;0.00538848
37a;t23;veg;low-marsh;elymus athericus;0.155079312;;;;;149.9866404;;;;;;;;;;;;;;;;;;;;;;;;;;;;;;;;;;;;;;;;;;;;;;;;0.014234477;;;;;;0.012452107;0.174791914;0.012835821;0.086715816;0.093622011;0.828084223;;;0.003579952
37b;t23;veg;low-marsh;elymus athericus;0.016936562;;;;;-72.69839426;;;;;;;;;;;;;;;;;;;;;;;;;;;;;;;;;;;;;;;;;;;;;;;;0.000675295;;;0.006332367;;;0.000824773;0.104090577;0.014789618;0.082881002;0.052457675;-0.309747982;;;0.006839744
38a;t4;veg;low-marsh;elymus athericus;0.005656358;;;;;-90.88199506;;;;;;;;;;;;;;;;;;;;;;;;;;;;;;;;;;;;;;;;;;;;;;;;0.012871175;;;;;;0.008992271;0.168610125;0.036944363;0.072125174;0.088801198;0.694831101;;;0.014549195
38b;t4;veg;low-marsh;elymus athericus;7.43E-05;;;;;-99.88022898;;;;;;;;;;;;;;;;;;;;;;;;;;;;;;;;;;;;;;;;;;;;;;;;0.00022299;;;0.00841173;;;0;0.125911737;0.017657096;0.075600284;0.062955868;-0.019565186;;;0.006003558
39a;t22;veg;low-marsh;elymus athericus;0.002342949;;;;;-96.2231845;;;;;;;;;;;;;;;;;;;;;;;;;;;;;;;;;;;;;;;;;;;;;;;;0.053676298;;;;;;0.041096908;0.137756211;0.015282392;0.080270112;0.08942656;0.712116866;;;0.006341108
39b;t22;veg;low-marsh;elymus athericus;0.054289392;;;;;-12.48592387;;;;;;;;;;;;;;;;;;;;;;;;;;;;;;;;;;;;;;;;;;;;;;;;0.003326311;;;0.01616791;;soilmean;0.006630811;0.032785677;0.006761777;0.064800119;0.019708244;-1.214982;;;0.001327923
40a;t8;veg;low-marsh;elymus athericus;0.001886656;;;;;-96.95872526;;;;;;;;;;;;;;;;;;;;;;;;;;;;;;;;;;;;;;;;;;;;;;;;0.069759122;;;;;;0.073127229;0.462977971;0.265225198;0.445265393;0.2680526;4.038711093;;;0.132971619
40b;t8;veg;low-marsh;elymus athericus;0.003051217;;;;;-95.08146201;;;;;;;;;;;;;;;;;;;;;;;;;;;;;;;;;;;;;;;;;;;;;;;;0.025737388;;;0.080458412;;;0.019997048;0.340146713;0.186667648;0.25637001;0.180071881;1.831693301;;;0.093365519
36a;t21;veg;low-marsh;elymus athericus;0.000110522;;;;;-99.8218394;;;;;;;;;;;;;;;;;;;;;;;;;;;;;;;;;;;;;;;;;;;;;;;;0.006733251;;;;8.1812007;5.305645386;0.018058859;0.014148233;0.000368161;0;0.016103546;-1.314620227;;;7.18E-05
36b;t21;veg;low-marsh;elymus athericus;0.000862534;;;;;-98.60960192;;;;;;;;;;;;;;;;;;;;;;;;;;;;;;;;;;;;;;;;;;;;;;;;0;;;0.003765752;9.88150612;7.74823793;0;0.01324692;7.25E-05;0;0.00662346;-1.57666131;0.063663695;;0.008257935
37a;t23;veg;low-marsh;elymus athericus;0.013113652;;;;;-78.86089534;;;;;;;;;;;;;;;;;;;;;;;;;;;;;;;;;;;;;;;;;;;;;;;;0.001756119;;;;;;0.001899196;0.394632281;0.176722519;0.388870734;0.198265739;0.227979102;;;0.016459651
37b;t23;veg;low-marsh;elymus athericus;0.006677796;;;;;-89.23544497;;;;;;;;;;;;;;;;;;;;;;;;;;;;;;;;;;;;;;;;;;;;;;;;0.001786711;;;0.008563391;;;0.001783591;0.358586224;0.095266185;0.349044004;0.180184908;-0.009061834;;;0.014251084
38a;t4;veg;low-marsh;elymus athericus;0.000442233;;;;;-99.28712386;;;;;;;;;;;;;;;;;;;;;;;;;;;;;;;;;;;;;;;;;;;;;;;;0.005306476;;;;;;0.00782821;0.16319163;0.109376156;0.148605774;0.08550992;-1.250257428;;;0.083499641
38b;t4;veg;low-marsh;elymus athericus;0.010703019;;;;;-82.74681692;;;;;;;;;;;;;;;;;;;;;;;;;;;;;;;;;;;;;;;;;;;;;;;;0.010703019;;;0.033430317;;;0.005796671;0.128564061;0.081593508;0.1730197;0.067180366;-1.49055914;;;0.03421213
39a;t22;veg;low-marsh;elymus athericus;0.042897001;;;;;-30.85036924;;;;;;;;;;;;;;;;;;;;;;;;;;;;;;;;;;;;;;;;;;;;;;;;0.00022299;;;;;;7.43E-05;0.167275383;0.068401052;0.24147549;0.08367485;-1.274315322;;;0.010779681
39b;t22;veg;low-marsh;elymus athericus;0.001741212;;;;;-97.19317985;;;;;;;;;;;;;;;;;;;;;;;;;;;;;;;;;;;;;;;;;;;;;;;;0.11304878;;;0.034259382;;;0.068882396;0.179972936;0.102954016;0.192516436;0.124427666;-0.740043106;;;0.012986076
40a;t8;veg;low-marsh;elymus athericus;0.059900756;;;;;-3.440448906;;;;;;;;;;;;;;;;;;;;;;;;;;;;;;;;;;;;;;;;;;;;;;;;0.000111259;;;;;;0;0.215683335;0.138378625;0.226135787;0.107841667;-0.957486691;;;0.101486375
40b;t8;veg;low-marsh;elymus athericus;0.002636493;0.019536004;0.008000999;0.035781555;;-95.74999386;;;;;;;;;;;;;;;;;;;;;;;;;;;;;;;;;;;;;;;;;;;;;;;;0.000223439;;;0.032987903;;7.40E-05;0.235541148;0.119075917;0.258275526;0.117807567;-0.826833058;;;0.03013054;
51a;t82;non-veg;low-marsh;soil;0.096205322;;;;;55.0822281;;;;;;;;;;;;;;;;;;;;;;;;;;;;;;;;;;;;;;;;;;;;;;;;;;;;;;;;;;;;;;
51b;t82;non-veg;low-marsh;soil;0.017843866;;;;;-71.2358273;;;;;;;;;;;;;;;;;;;;;;;;;;;;;;;;;;;;;;;;;;;;;;;;;;;;;;;;;;;;;;
52a;t84;non-veg;low-marsh;soil;0.00636022;;;;;-89.74737501;;;;;;;;;;;;;;;;;;;;;;;;;;;;;;;;;;;;;;;;;;;;;;;;;;;;;;;;;;;;;;
52b;t84;non-veg;low-marsh;soil;0.000663521;;;;;-98.93040933;;;;;;;;;;;;;;;;;;;;;;;;;;;;;;;;;;;;;;;;;;;;;;;;;;;;;;;;;;;;;;
53a;t81;non-veg;low-marsh;soil;0.240967104;;;;;288.4370907;;;;;;;;;;;;;;;;;;;;;;;;;;;;;;;;;;;;;;;;;;;;;;;;;;;;;;;;;;;;;;
53b;t81;non-veg;low-marsh;soil;0.102062358;;;;;64.52372441;;;;;;;;;;;;;;;;;;;;;;;;;;;;;;;;;;;;;;;;;;;;;;;;;;;;;;;;;;;;;;
54a;t83;non-veg;low-marsh;soil;0.000368514;;;;;-99.40595831;;;;;;;;;;;;;;;;;;;;;;;;;;;;;;;;;;;;;;;;;;;;;;;;;;;;;;;;;;;;;;
54b;t83;non-veg;low-marsh;soil;0.007962936;;;;;-87.16380933;;;;;;;;;;;;;;;;;;;;;;;;;;;;;;;;;;;;;;;;;;;;;;;;;;;;;;;;;;;;;;
55a;t86;non-veg;low-marsh;soil;0.066780955;;;;;7.650378176;;;;;;;;;;;;;;;;;;;;;;;;;;;;;;;;;;;;;;;;;;;;;;;;;;;;;;;;;;;;;;
55b;t86;non-veg;low-marsh;soil;0.124620061;;;;;100.8865656;;;;;;;;;;;;;;;;;;;;;;;;;;;;;;;;;;;;;;;;;;;;;;;;;;;;;;;;;;;;;;
51a;t82;non-veg;low-marsh;soil;0.02923777;;;;;-52.86894299;;;;;;;;;;;;;;;;;;;;;;;;;;;;;;;;;;;;;;;;;;;;;;;;;;;;;;;;;;;;;;
51b;t82;non-veg;low-marsh;soil;0.307218562;;;;;395.2339238;;;;;;;;;;;;;;;;;;;;;;;;;;;;;;;;;;;;;;;;;;;;;;;;;;;;;;;;;;;;;;
52a;t84;non-veg;low-marsh;soil;0.008692818;;;;;-85.98724524;;;;;;;;;;;;;;;;;;;;;;;;;;;;;;;;;;;;;;;;;;;;;;;;;;;;;;;;;;;;;;
52b;t84;non-veg;low-marsh;soil;0;;;;;-100;;;;;;;;;;;;;;;;;;;;;;;;;;;;;;;;;;;;;;;;;;;;;;;;;;;;;;;;;;;;;;
53a;t81;non-veg;low-marsh;soil;0;;;;;-100;;;;;;;;;;;;;;;;;;;;;;;;;;;;;;;;;;;;;;;;;;;;;;;;;;;;;;;;;;;;;;
53b;t81;non-veg;low-marsh;soil;0.000111582;;;;;-99.82013069;;;;;;;;;;;;;;;;;;;;;;;;;;;;;;;;;;;;;;;;;;;;;;;;;;;;;;;;;;;;;;
54a;t83;non-veg;low-marsh;soil;0.016198459;;;;;-73.88821054;;;;;;;;;;;;;;;;;;;;;;;;;;;;;;;;;;;;;;;;;;;;;;;;;;;;;;;;;;;;;;
54b;t83;non-veg;low-marsh;soil;0.210228767;;;;;238.8871314;;;;;;;;;;;;;;;;;;;;;;;;;;;;;;;;;;;;;;;;;;;;;;;;;;;;;;;;;;;;;;
55a;t86;non-veg;low-marsh;soil;0.000112461;;;;;-99.81871375;;;;;;;;;;;;;;;;;;;;;;;;;;;;;;;;;;;;;;;;;;;;;;;;;;;;;;;;;;;;;;
55b;t86;non-veg;low-marsh;soil;0.005065521;0.06203504;0.020061217;0.08971649;;-91.83441969;;;;;;;;;;;;;;;;;;;;;;;;;;;;;;;;;;;;;;;;;;;;;;;;;;;;;;;;;;;;;;
10a;t42;veg;low-marsh;spartina anglica;0.005351221;;;;;-91.37387352;;;;;;;;;;;;;;;;;;;;;;;;;;;;;;;;;;;;;;;;;;;;;;;;;;;;;;;;;;;;;;
10b;t42;veg;low-marsh;spartina anglica;0.009438136;;;;;-84.78579844;;;;;;;;;;;;;;;;;;;;;;;;;;;;;;;;;;;;;;;;;;;;;;;;;;;;;;;;;;;;;;
6a;t50;veg;low-marsh;spartina anglica;0.016459651;;;;;-73.46717107;;;;;;;;;;;;;;;;;;;;;;;;;;;;;;;;;;;;;;;;;;;;;;;;;;;;;;;;;;;;;;
6b;t50;veg;low-marsh;spartina anglica;0.014251084;;;;;-77.02736383;;;;;;;;;;;;;;;;;;;;;;;;;;;;;;;;;;;;;;;;;;;;;;;;;;;;;;;;;;;;;;
7a;t40;veg;low-marsh;spartina anglica;0.083499641;;;;;34.6007695;;;;;;;;;;;;;;;;;;;;;;;;;;;;;;;;;;;;;;;;;;;;;;;;;;;;;;;;;;;;;;
7b;t40;veg;low-marsh;spartina anglica;0.03421213;;;;;-44.8503135;;;;;;;;;;;;;;;;;;;;;;;;;;;;;;;;;;;;;;;;;;;;;;;;;;;;;;;;;;;;;;
8a;t49;veg;low-marsh;spartina anglica;0.010779681;;;;;-82.62323837;;;;;;;;;;;;;;;;;;;;;;;;;;;;;;;;;;;;;;;;;;;;;;;;;;;;;;;;;;;;;;
8b;t49;veg;low-marsh;spartina anglica;0.012986076;;;;;-79.06654686;;;;;;;;;;;;;;;;;;;;;;;;;;;;;;;;;;;;;;;;;;;;;;;;;;;;;;;;;;;;;;
9a;t35;veg;low-marsh;spartina anglica;0.101486375;;;;;63.59524431;;;;;;;;;;;;;;;;;;;;;;;;;;;;;;;;;;;;;;;;;;;;;;;;;;;;;;;;;;;;;;
9b;t35;veg;low-marsh;spartina anglica;0.03013054;;;;;-51.42980472;;;;;;;;;;;;;;;;;;;;;;;;;;;;;;;;;;;;;;;;;;;;;;;;;;;;;;;;;;;;;;
10a;t42;veg;low-marsh;spartina anglica;0.206321453;;;;;232.5885717;;;;;;;;;;;;;;;;;;;;;;;;;;;;;;;;;;;;;;;;;;;;;;;;;;;;;;;;;;;;;;
10b;t42;veg;low-marsh;spartina anglica;0.107530864;;;;;73.33891339;;;;;;;;;;;;;;;;;;;;;;;;;;;;;;;;;;;;;;;;;;;;;;;;;;;;;;;;;;;;;;
6a;t50;veg;low-marsh;spartina anglica;0.001756119;;;;;-97.16914988;;;;;;;;;;;;;;;;;;;;;;;;;;;;;;;;;;;;;;;;;;;;;;;;;;;;;;;;;;;;;;
6b;t50;veg;low-marsh;spartina anglica;0.001786711;;;;;-97.11983581;;;;;;;;;;;;;;;;;;;;;;;;;;;;;;;;;;;;;;;;;;;;;;;;;;;;;;;;;;;;;;
7a;t40;veg;low-marsh;spartina anglica;0.005306476;;;;;-91.44600211;;;;;;;;;;;;;;;;;;;;;;;;;;;;;;;;;;;;;;;;;;;;;;;;;;;;;;;;;;;;;;
7b;t40;veg;low-marsh;spartina anglica;0.010703019;;;;;-82.74681692;;;;;;;;;;;;;;;;;;;;;;;;;;;;;;;;;;;;;;;;;;;;;;;;;;;;;;;;;;;;;;
8a;t49;veg;low-marsh;spartina anglica;0.00022299;;;;;-99.64054186;;;;;;;;;;;;;;;;;;;;;;;;;;;;;;;;;;;;;;;;;;;;;;;;;;;;;;;;;;;;;;
8b;t49;veg;low-marsh;spartina anglica;0.11304878;;;;;82.23375091;;;;;;;;;;;;;;;;;;;;;;;;;;;;;;;;;;;;;;;;;;;;;;;;;;;;;;;;;;;;;;
9a;t35;veg;low-marsh;spartina anglica;0.000111259;;;;;-99.82065136;;;;;;;;;;;;;;;;;;;;;;;;;;;;;;;;;;;;;;;;;;;;;;;;;;;;;;;;;;;;;;
9b;t35;veg;low-marsh;spartina anglica;0.000223439;0.038280282;0.012039468;0.053842139;;-99.63981808;;;;;;;;;;;;;;;;;;;;;;;;;;;;;;;;;;;;;;;;;;;;;;;;;;;;;;;;;;;;;;
16a;t72;veg;pioneer;atriplex portulacoides;0.00029479;;;;;-98.14648188;;;;;;;;;;;;;;;;;;;;;;;;;;;;;;;;;;;;;;;;;;;;;;;;;;;;;;;;;;;;;;
16b;t72;veg;pioneer;atriplex portulacoides;0.001712207;;;;;-89.23434753;;;;;;;;;;;;;;;;;;;;;;;;;;;;;;;;;;;;;;;;;;;;;;;;;;;;;;;;;;;;;;
17a;t59;veg;pioneer;atriplex portulacoides;0.141118613;;;;;787.2957209;;;;;;;;;;;;;;;;;;;;;;;;;;;;;;;;;;;;;;;;;;;;;;;;;;;;;;;;;;;;;;
17b;t59;veg;pioneer;atriplex portulacoides;0.004068649;;;;;-74.4180107;;;;;;;;;;;;;;;;;;;;;;;;;;;;;;;;;;;;;;;;;;;;;;;;;;;;;;;;;;;;;;
18a;t64;veg;pioneer;atriplex portulacoides;0.623341852;;;;;3819.316851;;;;;;;;;;;;;;;;;;;;;;;;;;;;;;;;;;;;;;;;;;;;;;;;;;;;;;;;;;;;;;
18b;t64;veg;pioneer;atriplex portulacoides;0.159100698;;;;;900.3596658;;;;;;;;;;;;;;;;;;;;;;;;;;;;;;;;;;;;;;;;;;;;;;;;;;;;;;;;;;;;;;
19a;t75;veg;pioneer;atriplex portulacoides;0.11021004;;;;;592.9553432;;;;;;;;;;;;;;;;;;;;;;;;;;;;;;;;;;;;;;;;;;;;;;;;;;;;;;;;;;;;;;
19b;t75;veg;pioneer;atriplex portulacoides;0.085043988;;;;;434.7215724;;;;;;;;;;;;;;;;;;;;;;;;;;;;;;;;;;;;;;;;;;;;;;;;;;;;;;;;;;;;;;
20a;t65;veg;pioneer;atriplex portulacoides;0.013580972;;;;;-14.60844119;;;;;;;;;;;;;;;;;;;;;;;;;;;;;;;;;;;;;;;;;;;;;;;;;;;;;;;;;;;;;;
20b;t65;veg;pioneer;atriplex portulacoides;0.02324734;;;;;46.16969985;;;;;;;;;;;;;;;;;;;;;;;;;;;;;;;;;;;;;;;;;;;;;;;;;;;;;;;;;;;;;;
16a;t72;veg;pioneer;atriplex portulacoides;0.011991715;;;;;-24.60103469;;;;;;;;;;;;;;;;;;;;;;;;;;;;;;;;;;;;;;;;;;;;;;;;;;;;;;;;;;;;;;
16b;t72;veg;pioneer;atriplex portulacoides;0.047524521;;;;;198.8146158;;;;;;;;;;;;;;;;;;;;;;;;;;;;;;;;;;;;;;;;;;;;;;;;;;;;;;;;;;;;;;
17a;t59;veg;pioneer;atriplex portulacoides;0.00044608;;;;;-97.19523267;;;;;;;;;;;;;;;;;;;;;;;;;;;;;;;;;;;;;;;;;;;;;;;;;;;;;;;;;;;;;;
17b;t59;veg;pioneer;atriplex portulacoides;0.002141098;;;;;-86.53765756;;;;;;;;;;;;;;;;;;;;;;;;;;;;;;;;;;;;;;;;;;;;;;;;;;;;;;;;;;;;;;
18a;t64;veg;pioneer;atriplex portulacoides;0.004818467;;;;;-69.70346392;;;;;;;;;;;;;;;;;;;;;;;;;;;;;;;;;;;;;;;;;;;;;;;;;;;;;;;;;;;;;;
18b;t64;veg;pioneer;atriplex portulacoides;0.395612943;;;;;2387.451258;;;;;;;;;;;;;;;;;;;;;;;;;;;;;;;;;;;;;;;;;;;;;;;;;;;;;;;;;;;;;;
19a;t75;veg;pioneer;atriplex portulacoides;0.000334523;;;;;-97.89665714;;;;;;;;;;;;;;;;;;;;;;;;;;;;;;;;;;;;;;;;;;;;;;;;;;;;;;;;;;;;;;
19b;t75;veg;pioneer;atriplex portulacoides;0.071676024;;;;;350.6693202;;;;;;;;;;;;;;;;;;;;;;;;;;;;;;;;;;;;;;;;;;;;;;;;;;;;;;;;;;;;;;
20a;t65;veg;pioneer;atriplex portulacoides;0.000108648;;;;;-99.31686612;;;;;;;;;;;;;;;;;;;;;;;;;;;;;;;;;;;;;;;;;;;;;;;;;;;;;;;;;;;;;;
20b;t65;veg;pioneer;atriplex portulacoides;0.002234387;0.084930378;0.034413839;0.153903365;;-85.95109474;;;;;;;;;;;;;;;;;;;;;;;;;;;;;;;;;;;;;;;;;;;;;;;;;;;;;;;;;;;;;;
31a;t7;veg;pioneer;elymus athericus;0.097746773;;;;;514.5914531;;;;;;;;;;;;;;;;;;;;;;;;;;;;;;;;;;;;;;;;;;;;;;;;;;;;;;;;;;;;;;
31b;t7;veg;pioneer;elymus athericus;0.08717783;;;;;448.1382921;;;;;;;;;;;;;;;;;;;;;;;;;;;;;;;;;;;;;;;;;;;;;;;;;;;;;;;;;;;;;;
32a;t25;veg;pioneer;elymus athericus;0.001523284;;;;;-90.42221755;;;;;;;;;;;;;;;;;;;;;;;;;;;;;;;;;;;;;;;;;;;;;;;;;;;;;;;;;;;;;;
32b;t25;veg;pioneer;elymus athericus;0.000434751;;;;;-97.26646476;;;;;;;;;;;;;;;;;;;;;;;;;;;;;;;;;;;;;;;;;;;;;;;;;;;;;;;;;;;;;;
33a;t19;veg;pioneer;elymus athericus;0.270894698;;;;;1603.274297;;;;;;;;;;;;;;;;;;;;;;;;;;;;;;;;;;;;;;;;;;;;;;;;;;;;;;;;;;;;;;
33b;t19;veg;pioneer;elymus athericus;0.067248976;;;;;322.8338656;;;;;;;;;;;;;;;;;;;;;;;;;;;;;;;;;;;;;;;;;;;;;;;;;;;;;;;;;;;;;;
34a;t14;veg;pioneer;elymus athericus;0.000450011;;;;;-97.17051616;;;;;;;;;;;;;;;;;;;;;;;;;;;;;;;;;;;;;;;;;;;;;;;;;;;;;;;;;;;;;;
34b;t14;veg;pioneer;elymus athericus;0.001623496;;;;;-89.79212576;;;;;;;;;;;;;;;;;;;;;;;;;;;;;;;;;;;;;;;;;;;;;;;;;;;;;;;;;;;;;;
35a;t24;veg;pioneer;elymus athericus;0.212856883;;;;;1238.356418;;;;;;;;;;;;;;;;;;;;;;;;;;;;;;;;;;;;;;;;;;;;;;;;;;;;;;;;;;;;;;
35b;t24;veg;pioneer;elymus athericus;0.054787069;;;;;244.4785266;;;;;;;;;;;;;;;;;;;;;;;;;;;;;;;;;;;;;;;;;;;;;;;;;;;;;;;;;;;;;;
31a;t7;veg;pioneer;elymus athericus;0.005510856;;;;;-65.35000704;;;;;;;;;;;;;;;;;;;;;;;;;;;;;;;;;;;;;;;;;;;;;;;;;;;;;;;;;;;;;;
31b;t7;veg;pioneer;elymus athericus;0.02849162;;;;;79.14357271;;;;;;;;;;;;;;;;;;;;;;;;;;;;;;;;;;;;;;;;;;;;;;;;;;;;;;;;;;;;;;
32a;t25;veg;pioneer;elymus athericus;0.117998328;;;;;641.9248906;;;;;;;;;;;;;;;;;;;;;;;;;;;;;;;;;;;;;;;;;;;;;;;;;;;;;;;;;;;;;;
32b;t25;veg;pioneer;elymus athericus;0.000663497;;;;;-95.82820412;;;;;;;;;;;;;;;;;;;;;;;;;;;;;;;;;;;;;;;;;;;;;;;;;;;;;;;;;;;;;;
33a;t19;veg;pioneer;elymus athericus;0.003928844;;;;;-75.29704696;;;;;;;;;;;;;;;;;;;;;;;;;;;;;;;;;;;;;;;;;;;;;;;;;;;;;;;;;;;;;;
33b;t19;veg;pioneer;elymus athericus;0;;;;;-100;;;;;;;;;;;;;;;;;;;;;;;;;;;;;;;;;;;;;;;;;;;;;;;;;;;;;;;;;;;;;;
34a;t14;veg;pioneer;elymus athericus;0.011898323;;;;;-25.18824512;;;;;;;;;;;;;;;;;;;;;;;;;;;;;;;;;;;;;;;;;;;;;;;;;;;;;;;;;;;;;;
34b;t14;veg;pioneer;elymus athericus;0;;;;;-100;;;;;;;;;;;;;;;;;;;;;;;;;;;;;;;;;;;;;;;;;;;;;;;;;;;;;;;;;;;;;;
35a;t24;veg;pioneer;elymus athericus;0.005492042;;;;;-65.46830172;;;;;;;;;;;;;;;;;;;;;;;;;;;;;;;;;;;;;;;;;;;;;;;;;;;;;;;;;;;;;;
35b;t24;veg;pioneer;elymus athericus;0.164452878;0.056659008;0.017404671;0.077836056;;934.0119694;;;;;;;;;;;;;;;;;;;;;;;;;;;;;;;;;;;;;;;;;;;;;;;;;;;;;;;;;;;;;;
46a;t85;non-veg;pioneer;soil;0.006617647;;;;;-58.39096104;;;;;;;;;;;;;;;;;;;;;;;;;;;;;;;;;;;;;;;;;;;;;;;;;;;;;;;;;;;;;;
46b;t85;non-veg;pioneer;soil;0.014996692;;;;;-5.706976869;;;;;;;;;;;;;;;;;;;;;;;;;;;;;;;;;;;;;;;;;;;;;;;;;;;;;;;;;;;;;;
47a;t80;non-veg;pioneer;soil;0.007877494;;;;;-50.46956196;;;;;;;;;;;;;;;;;;;;;;;;;;;;;;;;;;;;;;;;;;;;;;;;;;;;;;;;;;;;;;
47b;t80;non-veg;pioneer;soil;0.016390966;;;;;3.059643832;;;;;;;;;;;;;;;;;;;;;;;;;;;;;;;;;;;;;;;;;;;;;;;;;;;;;;;;;;;;;;
48a;t79;non-veg;pioneer;soil;0.00223134;;;;;-85.97025302;;;;;;;;;;;;;;;;;;;;;;;;;;;;;;;;;;;;;;;;;;;;;;;;;;;;;;;;;;;;;;
48b;t79;non-veg;pioneer;soil;0.002375639;;;;;-85.06296034;;;;;;;;;;;;;;;;;;;;;;;;;;;;;;;;;;;;;;;;;;;;;;;;;;;;;;;;;;;;;;
49a;t88;non-veg;pioneer;soil;0.02073768;;;;;30.38999133;;;;;;;;;;;;;;;;;;;;;;;;;;;;;;;;;;;;;;;;;;;;;;;;;;;;;;;;;;;;;;
49b;t88;non-veg;pioneer;soil;0.050491099;;;;;217.4672365;;;;;;;;;;;;;;;;;;;;;;;;;;;;;;;;;;;;;;;;;;;;;;;;;;;;;;;;;;;;;;
50a;t89;non-veg;pioneer;soil;0.003400606;;;;;-78.61838996;;;;;;;;;;;;;;;;;;;;;;;;;;;;;;;;;;;;;;;;;;;;;;;;;;;;;;;;;;;;;;
50b;t89;non-veg;pioneer;soil;0.02729002;;;;;71.58840677;;;;;;;;;;;;;;;;;;;;;;;;;;;;;;;;;;;;;;;;;;;;;;;;;;;;;;;;;;;;;;
46a;t85;non-veg;pioneer;soil;0.023269077;;;;;46.30637315;;;;;;;;;;;;;;;;;;;;;;;;;;;;;;;;;;;;;;;;;;;;;;;;;;;;;;;;;;;;;;
46b;t85;non-veg;pioneer;soil;0.003579819;;;;;-77.49157242;;;;;;;;;;;;;;;;;;;;;;;;;;;;;;;;;;;;;;;;;;;;;;;;;;;;;;;;;;;;;;
47a;t80;non-veg;pioneer;soil;0.01264251;;;;;-20.50910375;;;;;;;;;;;;;;;;;;;;;;;;;;;;;;;;;;;;;;;;;;;;;;;;;;;;;;;;;;;;;;
47b;t80;non-veg;pioneer;soil;0.000657823;;;;;-95.86387989;;;;;;;;;;;;;;;;;;;;;;;;;;;;;;;;;;;;;;;;;;;;;;;;;;;;;;;;;;;;;;
48a;t79;non-veg;pioneer;soil;0.009790058;;;;;-38.44414719;;;;;;;;;;;;;;;;;;;;;;;;;;;;;;;;;;;;;;;;;;;;;;;;;;;;;;;;;;;;;;
48b;t79;non-veg;pioneer;soil;0.000110522;;;;;-99.30508318;;;;;;;;;;;;;;;;;;;;;;;;;;;;;;;;;;;;;;;;;;;;;;;;;;;;;;;;;;;;;;
49a;t88;non-veg;pioneer;soil;0.095232476;;;;;498.782589;;;;;;;;;;;;;;;;;;;;;;;;;;;;;;;;;;;;;;;;;;;;;;;;;;;;;;;;;;;;;;
49b;t88;non-veg;pioneer;soil;0.019269777;;;;;21.1604218;;;;;;;;;;;;;;;;;;;;;;;;;;;;;;;;;;;;;;;;;;;;;;;;;;;;;;;;;;;;;;
50a;t89;non-veg;pioneer;soil;0.001125746;;;;;-92.92177277;;;;;;;;;;;;;;;;;;;;;;;;;;;;;;;;;;;;;;;;;;;;;;;;;;;;;;;;;;;;;;
50b;t89;non-veg;pioneer;soil;0;0.01590435;0.004883386;0.021839167;;-100;;;;;;;;;;;;;;;;;;;;;;;;;;;;;;;;;;;;;;;;;;;;;;;;;;;;;;;;;;;;;;
1a;t41;veg;pioneer;spartina anglica;0.117487239;;;;;638.7113735;;;;;;;;;;;;;;;;;;;;;;;;;;;;;;;;;;;;;;;;;;;;;;;;;;;;;;;;;;;;;;
1b;t41;veg;pioneer;spartina anglica;0.245349375;;;;;1442.655826;;;;;;;;;;;;;;;;;;;;;;;;;;;;;;;;;;;;;;;;;;;;;;;;;;;;;;;;;;;;;;
2a;t46;veg;pioneer;spartina anglica;0.009136091;;;;;-42.55602236;;;;;;;;;;;;;;;;;;;;;;;;;;;;;;;;;;;;;;;;;;;;;;;;;;;;;;;;;;;;;;
2b;t46;veg;pioneer;spartina anglica;0.006010804;;;;;-62.20653991;;;;;;;;;;;;;;;;;;;;;;;;;;;;;;;;;;;;;;;;;;;;;;;;;;;;;;;;;;;;;;
3a;t48;veg;pioneer;spartina anglica;0.099333494;;;;;524.5681012;;;;;;;;;;;;;;;;;;;;;;;;;;;;;;;;;;;;;;;;;;;;;;;;;;;;;;;;;;;;;;
3b;t48;veg;pioneer;spartina anglica;0.115338788;;;;;625.2027984;;;;;;;;;;;;;;;;;;;;;;;;;;;;;;;;;;;;;;;;;;;;;;;;;;;;;;;;;;;;;;
4a;t45;veg;pioneer;spartina anglica;0.001243326;;;;;-92.18247816;;;;;;;;;;;;;;;;;;;;;;;;;;;;;;;;;;;;;;;;;;;;;;;;;;;;;;;;;;;;;;
4b;t45;veg;pioneer;spartina anglica;0.015125448;;;;;-4.897412167;;;;;;;;;;;;;;;;;;;;;;;;;;;;;;;;;;;;;;;;;;;;;;;;;;;;;;;;;;;;;;
5a;t27;veg;pioneer;spartina anglica;0.132971619;;;;;736.0707779;;;;;;;;;;;;;;;;;;;;;;;;;;;;;;;;;;;;;;;;;;;;;;;;;;;;;;;;;;;;;;
5b;t27;veg;pioneer;spartina anglica;0.093365519;;;;;487.0439323;;;;;;;;;;;;;;;;;;;;;;;;;;;;;;;;;;;;;;;;;;;;;;;;;;;;;;;;;;;;;;
1a;t41;veg;pioneer;spartina anglica;0.027605956;;;;;73.57488222;;;;;;;;;;;;;;;;;;;;;;;;;;;;;;;;;;;;;;;;;;;;;;;;;;;;;;;;;;;;;;
1b;t41;veg;pioneer;spartina anglica;0.007134768;;;;;-55.13951716;;;;;;;;;;;;;;;;;;;;;;;;;;;;;;;;;;;;;;;;;;;;;;;;;;;;;;;;;;;;;;
2a;t46;veg;pioneer;spartina anglica;0.018839575;;;;;18.4554888;;;;;;;;;;;;;;;;;;;;;;;;;;;;;;;;;;;;;;;;;;;;;;;;;;;;;;;;;;;;;;
2b;t46;veg;pioneer;spartina anglica;0.010339573;;;;;-34.98902318;;;;;;;;;;;;;;;;;;;;;;;;;;;;;;;;;;;;;;;;;;;;;;;;;;;;;;;;;;;;;;
3a;t48;veg;pioneer;spartina anglica;0.022685819;;;;;42.63908705;;;;;;;;;;;;;;;;;;;;;;;;;;;;;;;;;;;;;;;;;;;;;;;;;;;;;;;;;;;;;;
3b;t48;veg;pioneer;spartina anglica;0.0115261;;;;;-27.52863005;;;;;;;;;;;;;;;;;;;;;;;;;;;;;;;;;;;;;;;;;;;;;;;;;;;;;;;;;;;;;;
4a;t45;veg;pioneer;spartina anglica;0;;;;;-100;;;;;;;;;;;;;;;;;;;;;;;;;;;;;;;;;;;;;;;;;;;;;;;;;;;;;;;;;;;;;;
4b;t45;veg;pioneer;spartina anglica;0.000787756;;;;;-95.0469147;;;;;;;;;;;;;;;;;;;;;;;;;;;;;;;;;;;;;;;;;;;;;;;;;;;;;;;;;;;;;;
5a;t27;veg;pioneer;spartina anglica;0.069759122;;;;;338.6166299;;;;;;;;;;;;;;;;;;;;;;;;;;;;;;;;;;;;;;;;;;;;;;;;;;;;;;;;;;;;;;
5b;t27;veg;pioneer;spartina anglica;0.025737388;0.051488888;0.013995341;0.062589067;;61.82609618;;;;;;;;;;;;;;;;;;;;;;;;;;;;;;;;;;;;;;;;;;;;;;;;;;;;;;;;;;;;;;
